{"cameraMode":{"drawMode":0,"name":"Shaded","section":"Shading Mode"},"sceneLighting":true,"audioPlay":false,"sceneViewState":{"showFog":false,"showMaterialUpdate":false,"showSkybox":false,"showFlares":false,"showImageEffects":false,"showParticleSystems":false},"in2DMode":false,"pivot":{"x":0.030904900282621385,"y":1.428170919418335,"z":-5.23616361618042},"rotation":{"x":-0.15122689306735993,"y":0.0020727168302983047,"z":-0.00031726696761325,"w":-0.9884974956512451},"size":2.4038467407226564,"orthographic":false}